{
  "lang":"en",
  "name":"pipeline",
  "version":"0.0.0",
  "spacy_version":">=3.4.4,<3.5.0",
  "description":"",
  "author":"",
  "email":"",
  "url":"",
  "license":"",
  "spacy_git_version":"77833bfef",
  "vectors":{
    "width":0,
    "vectors":0,
    "keys":0,
    "name":null,
    "mode":"default"
  },
  "labels":{
    "tok2vec":[

    ],
    "ner":[
      "ADDRESS",
      "COMPANY",
      "DATE",
      "DEGREE",
      "DOMAIN",
      "E-MAIL",
      "EXPERIENCE",
      "GITHUB",
      "HARDSKILLS",
      "LINKEDIN",
      "PERSON",
      "PHONE",
      "ROLE",
      "SOFTSKILLS",
      "UNIVERSITY"
    ]
  },
  "pipeline":[
    "tok2vec",
    "ner"
  ],
  "components":[
    "tok2vec",
    "ner"
  ],
  "disabled":[

  ],
  "performance":{
    "ents_f":0.8070499297,
    "ents_p":0.8318634854,
    "ents_r":0.7836738178,
    "ents_per_type":{
      "HARDSKILLS":{
        "p":0.8498096792,
        "r":0.8485791855,
        "f":0.8491939866
      },
      "DOMAIN":{
        "p":0.4722222222,
        "r":0.2281879195,
        "f":0.3076923077
      },
      "COMPANY":{
        "p":0.7049180328,
        "r":0.6164874552,
        "f":0.6577437859
      },
      "EXPERIENCE":{
        "p":0.8831168831,
        "r":0.7727272727,
        "f":0.8242424242
      },
      "ROLE":{
        "p":0.6959459459,
        "r":0.5619641465,
        "f":0.6218197499
      },
      "SOFTSKILLS":{
        "p":0.7018221977,
        "r":0.3955804544,
        "f":0.5059713376
      },
      "ADDRESS":{
        "p":0.7685076381,
        "r":0.7569444444,
        "f":0.7626822157
      },
      "DATE":{
        "p":0.920131291,
        "r":0.9251925193,
        "f":0.9226549643
      },
      "DEGREE":{
        "p":0.5106382979,
        "r":0.4137931034,
        "f":0.4571428571
      },
      "UNIVERSITY":{
        "p":0.7777777778,
        "r":0.5526315789,
        "f":0.6461538462
      },
      "PERSON":{
        "p":0.75,
        "r":0.4615384615,
        "f":0.5714285714
      },
      "PHONE":{
        "p":0.9473684211,
        "r":0.9473684211,
        "f":0.9473684211
      },
      "GITHUB":{
        "p":1.0,
        "r":1.0,
        "f":1.0
      },
      "LINKEDIN":{
        "p":1.0,
        "r":1.0,
        "f":1.0
      },
      "E-MAIL":{
        "p":1.0,
        "r":1.0,
        "f":1.0
      }
    },
    "tok2vec_loss":3864.850420372,
    "ner_loss":12427.5250691765
  }
}