{
  "lang":"en",
  "name":"pipeline",
  "version":"0.0.0",
  "spacy_version":">=3.4.4,<3.5.0",
  "description":"",
  "author":"",
  "email":"",
  "url":"",
  "license":"",
  "spacy_git_version":"77833bfef",
  "vectors":{
    "width":0,
    "vectors":0,
    "keys":0,
    "name":null,
    "mode":"default"
  },
  "labels":{
    "tok2vec":[

    ],
    "ner":[
      "ADDRESS",
      "COMPANY",
      "DATE",
      "DEGREE",
      "DOMAIN",
      "E-MAIL",
      "EXPERIENCE",
      "GITHUB",
      "HARDSKILLS",
      "LINKEDIN",
      "PERSON",
      "PHONE",
      "ROLE",
      "SOFTSKILLS",
      "UNIVERSITY"
    ]
  },
  "pipeline":[
    "tok2vec",
    "ner"
  ],
  "components":[
    "tok2vec",
    "ner"
  ],
  "disabled":[

  ],
  "performance":{
    "ents_f":0.8014140338,
    "ents_p":0.8345450065,
    "ents_r":0.7708131793,
    "ents_per_type":{
      "HARDSKILLS":{
        "p":0.8552626714,
        "r":0.8374298643,
        "f":0.846252332
      },
      "COMPANY":{
        "p":0.724137931,
        "r":0.6021505376,
        "f":0.6575342466
      },
      "DOMAIN":{
        "p":0.4794520548,
        "r":0.1565995526,
        "f":0.2360876897
      },
      "EXPERIENCE":{
        "p":0.8888888889,
        "r":0.8181818182,
        "f":0.8520710059
      },
      "ROLE":{
        "p":0.792,
        "r":0.4629773967,
        "f":0.5843580915
      },
      "SOFTSKILLS":{
        "p":0.6452036794,
        "r":0.4584500467,
        "f":0.5360262009
      },
      "ADDRESS":{
        "p":0.7100149477,
        "r":0.5497685185,
        "f":0.6196999348
      },
      "DATE":{
        "p":0.9351955307,
        "r":0.9207920792,
        "f":0.9279379157
      },
      "DEGREE":{
        "p":0.641025641,
        "r":0.4310344828,
        "f":0.5154639175
      },
      "UNIVERSITY":{
        "p":0.7407407407,
        "r":0.5263157895,
        "f":0.6153846154
      },
      "PERSON":{
        "p":0.6666666667,
        "r":0.4615384615,
        "f":0.5454545455
      },
      "PHONE":{
        "p":0.9473684211,
        "r":0.9473684211,
        "f":0.9473684211
      },
      "GITHUB":{
        "p":1.0,
        "r":1.0,
        "f":1.0
      },
      "LINKEDIN":{
        "p":1.0,
        "r":1.0,
        "f":1.0
      },
      "E-MAIL":{
        "p":1.0,
        "r":1.0,
        "f":1.0
      }
    },
    "tok2vec_loss":4888.847402144,
    "ner_loss":12208.9204138181
  }
}